id,prefix,sentiment,completion
487673622526722048,"The three great essentials to achieve anything worth while are: Hard work, stick-to-itiveness,",positive,
1183016899589955584,"The case of Major Mathew Golsteyn is now under review at the White House. Mathew is a highly decorated Green Beret who is being tried for killing a Taliban bombmaker. We train our boys to be killing machines, then prosecute them when",neutral,
339154424230473729,"""@sweetbaboo1968: @realDonaldTrump Thank you for",positive,
1241568622528598018,"RT @kayleighmcenany: âItâs unprecedented what weâve done. Many,",positive,
729301192325668864,I will be interviewed on This Week with George,positive,
531861177731928064,Via @USNewsTravel: âBest New York,positive,t
1853996022856364120,@jsphschmtt STAY IN LINE! Republicans: We are doing GREAT! Stay in Line. Do not let them move you. STAY IN LINE AND VOTE!,positive,stay stay
595414049749340161,"""@mortimerzilch: @realDonaldTrump @steveman905 we don't know if Hil will get the Dem nomination. But Donald",positive,
298846966853545984,Ask: Is there anyone else who can do this better than I,neutral,and
401282299805065216,"""@Bill_Collector_: @realDonaldTrump we need you as",positive,
716462678802345984,I will be interviewed by @jdickerson on @FaceTheNation tomorrow,positive,
458733723555758080,.@McIlroyRory Thanks for your nice note - they love you at,positive,
478812421856178176,"""@stevenowell: @realDonaldTrump don't normally agree",neutral,you you
789117930801926148,Why didn't Hillary,negative,the to he he he he he he
1293151454069391360,..so called American Intelligence were Dirty Cops who have now,negative,the to to to to to to to to to to to to to to to to to to to to to
1853995975863411082,@tcor18782 STAY IN LINE! Republicans: We are doing GREAT! Stay in Line. Do not let them move you. STAY IN LINE AND VOTE! #VoteforTrump #VotedforTrump,positive,
623306685726261248,"""@tonyparker1981: @Nate_Cohn @chrislhayes Not a huge",neutral,the t to the
520562181616959488,Obama is making the Ebola problem much worse than it needs to be in the,negative,cont
1259495673768148996,"RT @ByronYork: From @Jim_Jordan: 'A Look Back On The Russia, Mueller, And Flynn",neutral,
1322892481751646212,"Biden wants to LOCKDOWN our Country, maybe for years. Crazy! There will",negative,to
939560154269405184,"It was my great honor to celebrate the opening of two extraordinary museums-the Mississippi State History Museum &,",positive,
599021364310351873,"""@jsilva74366572: @DurandSentinus - US infrastructure is seriously deficient -",negative,
674812864834772993,.@Megynkelly spent a big part of her,neutral,and
1295899454638235650,"RT @WhiteHouse: The derecho is ""basically a 40-mile-wide tornado that",neutral,
1315748228462243848,Leaving now for Florida,neutral,to to to to to to to to to to to to to to to to to to to to to to to to to to to to to to
692551355920158722,FOX debate advertising rates falling like,neutral,and
1201455859731238912,".....Reserve should likewise act so that countries, of which there are many, no longer take advantage of our strong dollar by further devaluing their currencies. This makes it very hard for our manufactures &, farmers to fairly export their goods.",negative,
497816259267153922,"""@scrt22 @realDonaldTrump for all of your faults,",positive,
1321153609321443330,"3 Points up in Michigan, 2 Points up in Wisconsin,",positive,t
847558790358728705,"If @RepMarkMeadows, @Jim_Jordan and Raul_Labrador would get on board we would have both",positive,
1248467959376310275,RT @fema: We're working with partners to get medical supplies where they are needed by: ð¹ Making the,positive,
1197225104255488000,RT @WhiteHouse: President @realDonaldTrump delivers,neutral,co
1234841094745137154,"New book by @charliekirk11, already number 1, âThe MAGA Doctrineâ. Really great, SUPPORT",positive,
1086447711048613888,RT @RyanAFournier: The reporters never saw the evidence. They went off of,negative,the to the to the to the to realdonaldtrump about to to to to to to
379935963604340736,The Costa Concordia shipwreck is a MONUMENT TO STUPIDITY but the uprighting of,neutral,
1853995968917643421,@rdonut STAY IN LINE! Republicans: We are doing GREAT! Stay in Line. Do not let them move you. STAY IN LINE AND VOTE!,positive,stay stay
1853996034969514229,@MorganMorris007 STAY IN LINE!,positive,stay stay stay stay stay stay stay stay stay stay stay stay stay stay stay stay stay stay stay stay stay stay stay stay stay stay stay stay stay stay
580232858436022272,"""@anon_thom: You have",neutral,to
155000792967946240,China is driving the price of gold up in order to,neutral,the
1145534361099546624,âStock had the,positive,â
1853996058608541780,@Rafterman899044 STAY IN LINE! Republicans: We are doing GREAT! Stay in Line. Do not let them move you. STAY IN LINE AND VOTE! #VoteforTrump #VotedforTrump,positive,
397676880729759744,Lies and incompetence -,negative,they and and and and and and and and and and and and and and and and and and and and and and and
1853105273398800700,We need to,positive,and the the
1029716105420595200,Scott Walker is very special and will have another great win in November. He has done a fantastic job as,positive,and and and great
251705588164210689,.@LisaLampanelli You are terrific (always). Great,positive,
1853996012001480806,@peterosteyee STAY IN LINE! Republicans: We are doing GREAT! Stay in Line. Do not let them move you.,positive,for for make vote again t trump co
885131482397908992,"The W.H. is functioning perfectly,",positive,will make
1178140690187988992,RT @RNCResearch: Ukrainian,positive,the
413652016318406656,Go to Macy's today and buy Trump,positive,
1854007623210704991,@omsmore3 Auto-reply from Team Trump: Weâll send you IMPORTANT ELECTION UPDATES for VIRGINIA. Make sure youâre ready to VOTE FOR DONALD J.,neutral,
473278081168584704,"""@JoyceGoodman64: @realDonaldTrump running the US is much like running a business,",neutral,
1205123587746750465,RT @LouDobbs: Media Misrepresentation. @KimStrassel says IG Horowtiz,negative,the to to to to to to to to to to to to to to to
735267499269226496,Great honor to receive today's,positive,the
944906847970119680,".@FoxNews-FBIâs Andrew McCabe, âin addition to his wife getting",neutral,the
1330361494710661120,"Thanks Mark. Itâs all a continuation of the never ending Witch Hunt. Judge Brann, who would not",neutral,
585243610959978496,"""@ShapiroJD: @realDonaldTrump You should be on #SharkTank as a guest star.",positive,
1265601615261827072,"....happen again. Just like we canât let large scale Mail-In Ballots take root in our Country. It would be a free for all on cheating, forgery and the theft",negative,and
481132722501730305,"""@jimrcottage @timbdickson @realDonaldTrump @sternshow He was on Howard Stern last week. Awesome",positive,
1178748369709256704,"BIG NEWS by @Hyundai, @Kia, and @Aptiv on a 4 BILLION DOLLAR joint venture to develop autonomous driving technologies in the USA. Thatâs a",positive,for
496327413513875456,One of the,neutral,the the the the
1853995983081808093,@TexAggie2010 STAY IN LINE! Republicans: We are doing GREAT! Stay in Line. Do not let them move,positive,stay stay stay stay stay stay stay stay stay stay stay stay stay stay stay stay stay stay stay stay stay stay stay stay stay stay stay stay stay stay
1198334870738604033,....Sondland said Trump told him. None of this will move the needle for anyone.,neutral,the
362990986026172416,"My @SteveDeaceShow int. on China, the economy",neutral,cont http
680505672476262400,"The same people that said I wouldn't run, or that I wouldn't lead or do well (1st place and leading by",negative,
616824197252296704,"""@jharwood14: If Reagan, a Hollywood actor, was president, then your chances are",positive,
1852873888956567844,"WHEN WE GET KNOCKED DOWN, WE DONâT STAY DOWNâWE GET",neutral,bump and t
603019884398796800,"""@RobertoAG415: Economically,DonaldTrump is what America",neutral,and
480495688644427776,"""@footballguru99: @realDonaldTrump Love",positive,
780444199737036800,"RT @KellyannePolls: #Polls showing @realDonaldTrump surging,",neutral,co
1019903123312308224,âTrump recognized Russian Meddling MANY TIMES.â Thank you to @foxandfriends and @FoxNews for actually showing the clips. The Fake News wants no part of that narrative! Too bad they donât,negative,the to to to to to to to to to to to to to to to to to recommendations to recommendations
1221190398846152708,âYou donât come to court and ask for,positive,â
528356208101830656,"""@TLCr2: @jennyapples @realDonaldTrump @cnnbrk @CNN",neutral,the
968702480753315840,"Such a beautiful map,",positive,
469466454837190656,"""@ShoretnTweet @realDonaldTrump did someone say",positive,a
730482068753424385,Goofy Elizabeth Warren is now using the womanâs card like her friend crooked Hillary. See her dumb tweet âwhen a,negative,yw57nhkpg2
1268877833050509312,RT @SenDanSullivan: Julie and I,neutral,the to the the
1853996036861124718,@rommelpime89363 STAY IN LINE! Republicans: We are doing GREAT! Stay in Line. Do,positive,stay stay stay stay stay stay stay stay stay stay stay stay stay stay stay stay stay stay stay stay stay stay stay stay stay stay stay stay stay stay
1853995800864358749,@rkgs11 STAY IN LINE! Republicans: We are doing GREAT! Stay in Line. Do not let them move you. STAY IN LINE AND VOTE! #VoteforTrump,positive,for
1853995805947932828,@OGMAC1965 STAY IN LINE! Republicans: We are doing GREAT! Stay in Line. Do not let them move you. STAY IN LINE AND VOTE!,positive,stay stay
1854317058516795674,@Dbcaud534680722 Auto-reply from Team,neutral,for for for for vote make vote great vote great vote great vote great vote great vote
629649968693968896,"""@TomNocera: @DanScavino @realDonaldTrump """"TRUMP DOMINANT"""" screams",neutral,
1303884257182519296,You donât want to,positive,for to
651182319051476993,"""@marklevinshow: Donald Trump will be on my show tonight at 8:30 PM eastern time."""" Will be my great",positive,
1088634979037466624,Great earnings coming out of Stock Market. Too bad Media doesnât devote much,neutral,
373736312979070976,"""Syria has prepared for an attack based on all of",positive,he he he he he he he he he he he he he he he he he he he he he he he he he he he he he he
1825327168756326477,"Arizona: Join me in Glendale! I'll see you Friday, August 23rd â at 4:00PM. Be part of a HISTORIC rally. Get your",neutral,
462485488301907968,"""@Pawsar @realDonaldTrump Mr.Trump when are you going to run for president of the United States?",positive,
1320491200495968256,"RT @WhiteHouse: While past Presidents have relied mostly on top-down policy tools, President @realDonaldTrump has worked hard",neutral,
760550754692263936,RT @gatewaypundit: Democrat Fire Marshal,neutral,in in in in in in in in in in in in in in in in in in in in in in in in in in in in in in
601026339110592512,I now see John Kasich from Ohio- who is desperate to run- is using my line âMake America Great Againâ. Typical,negative,
1177178426115076096,RT @DonaldJTrumpJr: Watching the media circle the wagons and desperately try to defend the Biden family for things they,negative,
542853995992465408,"""@jimrobbins1973: DonaldTrump. the new World Trade Center is",neutral,
714967208439451650,Final #'s just announced in the GREAT State of MO. TRUMP WINS! New,neutral,
1207661422517399562,RT @KatiePavlich: 17% of Trump rally attendees in *Michigan* are,negative,
646683914216546304,.@JuliInkster Congratulations on your great win--what,positive,and
1208129708690464771,Congressman @ScottRTipton is a great supporter of the #MAGA Agenda!,positive,for vote our and vote and great and great governor and the the the
304379483551576064,@OnMyLevelLopez. That's why,negative,the to to to to to to to to to to to to to to to to to to to
1853995995450769416,@ShaneStruthers STAY IN LINE! Republicans: We are doing GREAT! Stay in Line. Do not let them move you. STAY IN,positive,stay stay stay stay stay stay stay stay stay stay stay stay stay stay stay stay stay stay stay stay stay stay stay stay stay stay stay stay stay stay
274147870523944960,I always enjoy speaking,positive,in and and 5vlpkcj7m5
1147339582586916864,My deepest sympathies,neutral,the and the the and the the the the the the the the the the the the the the the the the the the the the the the the the
546898551251685376,"""@mrcharlietoldme: 17th hole",positive,be interesting
356249717035892736,"Zimmerman is no angel but the lack of evidence and the concept of self-defense, especially in Florida law, gave",neutral,and
668167155897249792,Thank you for,positive,
712748982531977216,While I believe I will clinch before Cleveland and get more than,neutral,
853583417916755968,Why would I call China a currency manipulator when they are,negative,the
528535217787895808,The five prisoners our government so stupidly released for one pathetic traitor are now fighting and killing,negative,
1265255835124539392,"There is NO WAY (ZERO!) that Mail-In Ballots will be anything less than substantially fraudulent. Mail boxes will be robbed, ballots will be",negative,and and and and and
1215299143066947584,STOCK MARKET AT ALL-TIME HIGH! HOW ARE YOUR 401KâS DOING?,negative,
1853996081387897109,@LueckertStephen STAY IN LINE! Republicans: We,positive,stay stay stay stay stay stay stay stay stay stay stay stay stay stay stay stay stay stay stay stay stay stay stay stay stay stay stay stay stay stay
370020128232341504,"""@us_patriot_3888: @realDonaldTrump- Why",neutral,to
557355103498555393,"""@Allstars_S2: @realDonaldTrump @IvankaTrump",positive,the thank
479090934244581376,"""@JamesPDonahue1: @HowardStern @Tedd474 @realDonaldTrump another amazing and",positive,
1123531848343224322,RT @proudtexanbrew: @dbongino Iâm a retired volunteer firefighter and Iâd,negative,
1212566070801903617,"RT @VP: In 2017, Speaker Pelosi called President @realDonaldTrumpâs historic tax cuts,",neutral,
869902591005741056,"Hopefully Republican Senators, good people all, can quickly get together and pass a new (repeal &, replace)",positive,the
998526637657546753,"On China, Barriers and Tariffs to come",neutral,the
1853996092142018769,@FijiDefJam STAY IN LINE! Republicans: We are doing GREAT! Stay,positive,stay stay stay stay stay stay stay stay stay stay stay stay stay stay stay stay stay stay stay stay stay stay stay stay stay stay stay stay stay stay
1239906156463652868,Failing Michigan Governor must work harder,neutral,
381235982328414208,"""@HoppMar: @realDonaldTrump And you also made a great call on BA, a few months ago, and you were",positive,
1305351398041636864,"...replied âYes, Absolutely.â Biden calls for abolishing cash bail and closing prisons â and",negative,
1319035020984545280,See you soon North,neutral,https
1269068415597232129,"RT @WayneDupreeShow: No one will accuse ANTIFA of being ""brainiacs""",neutral,https
289445012679311360,New rule for,neutral,
310941442828804096,Re my hair-Should I,neutral,
502437530881757185,"""@ignacio8787: @realDonaldTrump @johnyboi509 hope",positive,
1290250416278532096,"In an illegal late night coup, Nevadaâs clubhouse Governor made it impossible for Republicans to win the state. Post Office could never handle the Traffic of Mail-In Votes without preparation. Using Covid to steal the state.",negative,the
1279448145819295747,"RT @RichardGrenell: So fewer people died because they took the drug @realDonaldTrump suggested.... Thank you, POTUS",positive,
1853996142956036546,@almasoley1 STAY IN LINE! Republicans: We are doing GREAT! Stay in Line. Do not let them move you. STAY IN LINE,positive,stay stay stay stay stay stay stay stay stay stay stay stay stay stay stay stay stay stay stay stay stay stay stay stay stay stay stay stay stay stay
144850100752093184,A clip of my upcoming interview,neutral,http bit http ly
508959833337634816,"""@ESPNNFL: Our @FrankCaliendo was AWESOME as as Bill Belichick, Ron Jaws, Donald Trump and Jerry",positive,
1229616737055891456,"RT @Jim_Jordan: The âWhistleblowerâ who started the impeachment sham was biased against the President, worked with",negative,the to
1853995895706001699,@matthayu14 STAY IN LINE! Republicans: We are doing GREAT! Stay in Line. Do not let,positive,stay stay stay stay stay stay stay stay stay stay stay stay stay stay stay stay stay stay stay stay stay stay stay stay stay stay stay stay stay stay
1035650292782653441,âPresident Donald J.,positive,
1286068727017091072,"RT @WhiteHouse: ""Today, my",neutral,the
428705464285921281,"""@bahia6085: @realDonaldTrump Success rule-Surround yourself w/successful people. Do it with",positive,
569839005057097728,"""@AplemonLemon: @realDonaldTrump @foxandfriends we want to hear you announce",neutral,
1205190566373470215,RT @Jim_Jordan: The elected President sets the policy for,neutral,
434417092830699520,"""@joandkev8: @realDonaldTrump what the date of celebrity apprentice",positive,
1219848021288062976,RT @GOP: â[Schiff] went to the House and he,negative,congressio to to to to to to to to to to to to to to to to to to to to to to obstruct the to they they they they
1853996035850268758,@Rikkip65 STAY IN LINE! Republicans: We are doing GREAT! Stay in Line. Do not let them move you. STAY IN,positive,stay stay stay stay stay stay stay stay stay stay stay stay stay stay stay stay stay stay stay stay stay stay stay stay stay stay stay stay stay stay
1304613988337057794,Thank You Samantha.,positive,co https t
635185617475923968,How is Bernie Sanders going to defend our country if he can't even defend,negative,
698557683838947329,"Thank you, South Carolina!",positive,co
662642742628085760,I think it,positive,the
934031535757582336,"After Turkey call I will be heading over to Trump National Golf Club, Jupiter, to play golf (quickly) with Tiger Woods and Dustin Johnson. Then back to Mar-a-Lago",neutral,
530906898883936256,"""@KellyJeanturner: @Kateplu Teen Kids News covering the red carpet at the @ApprenticeNBC Can't",positive,
785285910518640641,"""RT @TeamTrump: .@HillaryClinton just",positive,
301781345347198976,@TheJBish @billmaher You are,positive,
1078375400974307328,"The Democrats OBSTRUCTION of the desperately needed Wall, where they almost all recently agreed it should be built, is exceeded only by their OBSTRUCTION of 350 great people wanting &, expecting to",negative,the to to the to to the to to to to to to to to to to to to to to to to to to to to to to to
305109019746504704,I will be on@gretawire tonight at,positive,
1198688618849669122,"RT @RoScarborough: Nunes to sue CNN,",negative,the to realdonaldtrump viewing to
314038275687989248,.@hardball_chris is a really dumb guy(and I know him well)âthatâs why he works swimmingly with,negative,the
591225182829830144,"Do you notice that the polling establishment doesn't put me in polls, but put",neutral,t
580042127234744320,"ICYMI, âRaw video: Donald Trump speaks",neutral,
660534094493782016,".@ColinCowherd said such nice things about me during the debate that I thought I'd do his show, @TheHerd,",positive,
450654148191850498,"""@DrewMadeOFF RT @realDonaldTrump RT @tx_shaun its #true, he didn't get his show until after he won",neutral,
930840960346611712,It is actually hard to believe how naive (or dumb) the Failing,negative,the
1291012543419482113,.@CNN has no sources on the Task Force. Their âsourcesâ,negative,the
702662052079390721,"""@ddpick18: @realDonaldTrump This",negative,
1268135530967060482,RT @seanmdav: You wore blackface (or possibly even a,negative,
1003969399148118016,Separating families at the Border is the fault of bad legislation passed by the Democrats. Border Security laws should be changed,negative,the to
317223247127126017,"""@thatboyred: @realDonaldTrump you did",positive,
768667720149762048,"""@Trump_Videos: .@Nigel_Farage of the #brexit fame - We CAN",neutral,to
897411177583702016,"@foxandfriends According to report just out, President Obama knew about Russian interference 3 years",neutral,
946519720450252800,"Together, we are",positive,in
1220109846202077184,RT @MarshaBlackburn: The,negative,the the to to to to to to to to to nasakennedy ship to the the the the the the impeachment the impeachment vital
284663280973258753,"âTo be successful, you must become very good at finding creative solutions to",positive,â
1853995764801818709,@702RN4Life STAY IN LINE! Republicans: We are doing GREAT! Stay in Line. Do not let them move you. STAY IN,positive,stay stay stay stay stay stay stay stay stay stay stay stay stay stay stay stay stay stay stay stay stay stay stay stay stay stay stay stay stay stay
540245737939161088,âKeep your focus global and you may,positive,â â â â â â â waitâ â
604009168547266561,My @greta int. on @FoxNews on how to defeat,neutral,t
928074747316928513,"Ed Gillespie worked hard but did not embrace me or what I stand for. Donât forget, Republicans won",neutral,the
1853996120642351309,@stevendv01 STAY IN LINE! Republicans: We,positive,stay stay stay stay stay stay stay stay stay stay stay stay stay stay stay stay stay stay stay stay stay stay stay stay stay stay stay stay stay stay
321932463574228992,"""@davidgrieve: @realDonaldTrump whatâs with the ridiculously short apprentice episodes? :( @ApprenticeNBC"""" Going back",neutral,
1268878667947655169,RT @SenThomTillis: I'm proud Congress could come together to,positive,https
1235795897168035840,"RT @TommyHicksGOP: âWe are four years out,",positive,and the upward
1234566566240489474,"Michelle @FischbachMN7 is running for Congress in Minnesota. Nicole is Strong on Crime and Borders, Cutting Taxes, your #2A, Loves our Military, Vets, and will stand",positive,and and and
1853995781931384878,@rosanneobrien STAY IN LINE! Republicans: We are doing GREAT! Stay in Line. Do not let them move you. STAY IN LINE AND VOTE! #VoteforTrump #VotedforTrump Reply,positive,
1853995932368396432,@hairbynina22 STAY IN LINE! Republicans: We are doing GREAT! Stay in Line. Do not let them move you. STAY IN LINE,positive,stay stay stay stay stay stay stay stay stay stay stay stay stay stay stay stay stay stay stay stay stay stay stay stay stay stay stay stay stay stay
1084070845826371586,".....who is being totally protected by his best friend, Bob Mueller, &, the 13 Angry",negative,a
1294963594715697157,RT @PressSec: Join President @realDonaldTrump as he watches Pastor Sam Rodriguez at New Season church at 8,neutral,
1090954907593646081,....meeting with their top leaders and representatives today in the Oval Office. No final deal will be,neutral,the the the
1146435093491277824,"The News Reports about the Department of Commerce dropping its quest to put the Citizenship Question on the Census is incorrect or, to state it differently, FAKE! We are absolutely moving forward, as we",negative,the to t
603641476984250368,"""Good advice from my father: """"Know everything you can about",positive,trump
1853996031890887120,@GKB518 STAY IN LINE! Republicans: We are doing GREAT! Stay in Line. Do not let them move you. STAY IN LINE AND VOTE!,positive,stay stay
1853995959493001272,@XCleanSteveX STAY IN LINE! Republicans: We are doing GREAT! Stay in Line. Do not let them move you. STAY IN LINE AND VOTE! #VoteforTrump #VotedforTrump Reply,positive,
492697472725430272,âAge is whatever you think,neutral,â â
1853996130587082779,@ParkerAnd111 STAY IN,positive,stay stay stay stay stay stay stay stay stay stay stay stay stay stay stay stay stay stay stay stay stay stay stay stay stay stay stay stay stay stay
1309448549294276609,"One of the worst polls in 2016 was the @FoxNews Poll. They were so ridiculously wrong. Fox said they were going to change pollsters, but they didnât. They totally over sample Democrats to a point that",negative,the to the to to to to to to to to to to to to to to to to to to to to to to to to to to to
670811687000350721,"""@ArtPar17: @CNN Your story is a total",negative,
1105834434962571265,Comey testified (under oath) that it was a âunanimousâ decision on Crooked Hillary. Lisa,negative,the t t the t the the the the the the the the the the the the the the the the the the the the the the the the the
1853995804400222558,@1stClarkgirl STAY IN LINE! Republicans: We are doing GREAT! Stay in Line. Do not let,positive,stay stay stay stay stay stay stay stay stay stay stay stay stay stay stay stay stay stay stay stay stay stay stay stay stay stay stay stay stay stay
602255639025426433,"""@brianjames75: @GOP, don't choke again! Choose America's boldest leader",neutral,
774097705513517057,The documentary of,negative,the the and global
360712354549334016,"""@DREARECINO: """"@FredrikEklundNY: Biggest",positive,the
1233892301791023106,"Dana, you are",neutral,
1830045970911867154,"Darin Hoover, Father of",neutral,
546898496633454593,"""@LaneJh: @realDonaldTrump @foxandfriends I always watch your Monday morning interviews on Fox and they are",positive,
1125051346456121346,"I am pleased to inform all of those that believe in a strong, fair and sound Immigration Policy that Mark Morgan will be joining the Trump Administration as the head of our hard working men and women of ICE.",positive,in
452388090372718593,"""@nikkio: 6 BILLION $'s goes missing from State dept -Where's the outrage?",negative,
1300010374855524352,The big backlash going on in Portland cannot be,negative,and and and and and and and and and and
452387775435005952,"""@indigoblue65: @realDonaldTrump Ummm...I like the sound of",positive,
895604995537678336,RT @foxandfriends: FOX NEWS ALERT: North Korea responds to U.S. with Guam attack plan as Secretary Mattis warns,neutral,
582942587377598464,Iran is desperate to develop nukes. Congress must increase,negative,
564980484875120640,"""@monmk1: I met @LeezaGibbons at CHA. She's as amazing in person",positive,
1265366452170829824,....A total double standard. The only thing the Dems have going for them is their very close relationship with,negative,the to the
619186980799315969,"""@gomrunner @realDonaldTrump keep up the tempo and don't listen",positive,
721145563970936833,"""@herb_stamper: @JackoffJosh711 @SenFrankNiceley @FoxNews @WSJ",positive,the
313065074556280832,Wow-Record ratings for WGC Cadillac Championship at Trump National Doral's Blue Monster-Most,positive,
1853995952979185761,@2rfqdvmcbd STAY IN LINE! Republicans: We are doing GREAT! Stay in Line. Do not let them move you. STAY IN,positive,stay stay stay stay stay stay stay stay stay stay stay stay stay stay stay stay stay stay stay stay stay stay stay stay stay stay stay stay stay stay
1295756046976167944,RT @realDonaldTrump: A proposal by Pentagon officials to slash Military Healthcare by $2.2 billion dollars,neutral,setup to
607393939704967169,"""@NEO_SALAMANDER: @realDonaldTrump You're the type of guy we need in the White House You want to",positive,
492766760308060160,Making money is,positive,the great the
544476198328610816,"""@BeatsByRay: @realDonaldTrump You're",positive,
773281879848062976,Great meeting with military,positive,
634380960776241152,Had a special,neutral,the t
1278147609325113344,RT @Chicago1Ray: Kudos,positive,
611868608302428161,"""@SMW5683: @realDonaldTrump Donald trump will do this",positive,
1853609174560653603,"ARIZONA â POLLS CLOSE AT 7PM! But if youâre in line when polls close,",neutral,
1068442531887632384,"Oh, I get it!",neutral,the to the to
1203816066138431494,RT @MariaBartiromo: Rep.,neutral,morningsmaria and
1215287261606051844,U.S. Cancer Death Rate Lowest In Recorded History!,positive,
1251587684549701637,RT @paulsperry_: With all the grounded flights and ghosted,neutral,and
391756916810321920,"""@adhietAK85: This is my favorite person, @realDonaldTrump.. Greatest bussinesman in",positive,
129275105418293248,I am happy to see the majority of the GOP candidates agree with me that the tax code must be,positive,
1853996024764739726,@rossby1898 STAY IN LINE! Republicans: We are doing GREAT! Stay in Line. Do not let them move you. STAY IN LINE,positive,stay stay stay stay stay stay stay stay stay stay stay stay stay stay stay stay stay stay stay stay stay stay stay stay stay stay stay stay stay stay
248863811891777537,@JesseStroup Nice to,positive,the
1169945440240001025,....have the discretion to end the program that President Obama began in his discretion. That program was unlawful to begin with. I think itâs very unlikely that the SCOTUS is going to issue an order reinstating what it believes is,negative,t
1191025740046716933,âMorrison testifies he saw,positive,â â â to make â â â â â â the the â â
222759498509582337,The U-6 Unemployment Rate is over,negative,the
1293619264973414401,"Good news for Florida! Iâm awarding $27.8M from @USDOT in federal infrastructure funds to five areas including Orlando, Jacksonville, Ft. Myers/Naples, St. Petersburg, and",positive,in
1853995850030076093,@BettyKeith13716 STAY IN LINE! Republicans: We are doing GREAT! Stay in Line. Do not let them move you. STAY IN LINE AND,positive,stay stay stay stay stay stay stay stay stay stay stay stay stay stay stay stay stay stay stay stay stay stay stay stay stay stay stay stay stay stay
1019218575691837443,I had a great meeting,neutral,the to the the
209447392364343296,Watch #MissUSA 2012 live tonight,neutral,enjoy
1262964610346385411,"A really great woman,",positive,
1326304091035881472,Ballot Corruption will,neutral,to to to to
307715811190116352,@K9Koda. Thank you - very,positive,
260147412440604673,Don Butler and executives,positive,
444109734330003456,"""@ellentime1: @realDonaldTrump.... loved you on",positive,
1259849944216846337,OBAMAGATE makes Watergate,neutral,
1139126119440035842,....is not Constitutionally Permissable.â Alan,neutral,the t
454654428231241728,"""@mearnest33 Agree that you as Pres would be a great change",neutral,
1853996079500399064,@TheZanyZane STAY IN LINE! Republicans: We are doing GREAT! Stay,positive,stay stay stay stay stay stay stay stay stay stay stay stay stay stay stay stay stay stay stay stay stay stay stay stay stay stay stay stay stay stay
793565506431168512,Mika Brzezinski: Dem Criticism of Comey Reinforcing Idea,neutral,t
326147245638549506,.@TraceAdkins isnât excited about their,negative,
536997346585096192,ISIS is starting its own currency. May,neutral,
604911467880673280,"""@KGLeipsic: counting down the",neutral,the the the the
1853996139894215031,@ChristasKing STAY IN LINE! Republicans: We are doing GREAT! Stay in Line. Do not let them move you. STAY IN LINE AND VOTE! #VoteforTrump #VotedforTrump,positive,
1204766230374240264,RT @DonaldJTrumpJr: ð¥ð¥ð¥ but also very true. Sensenbrenner to Democrat Impeachment Lawyer: 'You Have Made,positive,
1853996068419031453,@WehHeyBigRed STAY IN LINE! Republicans: We are doing GREAT! Stay in Line. Do not let them move you. STAY IN LINE,positive,stay stay stay stay stay stay stay stay stay stay stay stay stay stay stay stay stay stay stay stay stay stay stay stay stay stay stay stay stay stay
1002508937445478402,"Why arenât they firing no talent Samantha Bee for the horrible language used on her low ratings show? A total double standard but thatâs O.K., we are Winning, and will be doing so for",neutral,the to the
1299897781730107392,"RT @OANN: According to the mainstream media, the riots & extreme",negative,
1133117805002276864,"Anyone associated with the 1994 Crime Bill will not have a chance of being elected. In particular,",neutral,the
1131607588683112449,.@NWS and @USACEHQ are monitoring the,negative,the to to to to to to to to to to to to to to to to to to to to to to to to to to to to to
453954166403387392,"""@EmilioMasella @realDonaldTrump the more I keep reading the more respect I gain",positive,
1256190851165892609,RT @TeamTrump: President @realDonaldTrump: âWeâve spent 8 trillion dollars in the Middle East and,neutral,
621409383705133056,.@StephenBaldwin7 You were fabulous on CNN last,positive,
299603753588375552,Must read article:,neutral,co
1853995769277096402,@angelrosetweets STAY IN LINE! Republicans: We are doing GREAT! Stay in Line. Do not,positive,stay stay stay stay stay stay stay stay stay stay stay stay stay stay stay stay stay stay stay stay stay stay stay stay stay stay stay stay stay stay
1299845420932235264,Watch Mark Levin NOW,neutral,and the t t t t levin the
440318358953529345,They must be kidding - can,neutral,
600993273994412033,There is no way my friend Bob Kraft agreed not to appeal the NFL,positive,great
1278824441611419648,RT @TeamTrump: President @realDonaldTrump thanks American Veterans ahead of,positive,
415509362161905664,"""@sneal50 The best thing you """"win"""" by winning USA /Universe is the opportunity to",positive,
1853995943747571980,@knite1976 STAY IN LINE! Republicans: We are doing GREAT! Stay in Line. Do not let them move you. STAY IN,positive,stay stay stay stay stay stay stay stay stay stay stay stay stay stay stay stay stay stay stay stay stay stay stay stay stay stay stay stay stay stay
562240707281584128,"""@AuthorKnox: @ApprenticeNBC Pete Carroll need to be added to the show, worst play call in",negative,
551963491490623488,"""@erik. My newsfeed is nothing but DonaldTrump n @RealGilbert #CelebrityApprentice! But that's alright with me cuz I love",positive,
630764447716540417,Roger Ailes just called. He is a great,positive,the
666079811257913345,"""@SarahPalinUSA: From St.",positive,
1200925350991204353,"""RT @WhiteHouse: """"The men and women of our military are totally loyal to our country. And every day I am President, America",positive,
551763394932801536,"""@tbc_branding: To my biz-minded tweeps from #SharkTankNation",neutral,
393079624814432256,It was just determined that the,neutral,and the the the
706127055285391361,"Will be in Orlando, Florida, this afternoon. 25,000 people expected. This is a movement like our",positive,safe local
1286993270816378881,RT @DeAngelisCorey: Trump just said,neutral,to to to to to to to to to to to to to to to to to to
370640173198884864,"With the whacko pervert Weiner about to be embarrassed, all women need to be",negative,
170251500470276096,The Fed is considering issuing even more US bond debt into the,negative,
980846943130746881,âPresident Donald J. Trump,neutral,co
710928141112332288,Mitt Romney is a mixed up man who doesn't have,negative,a
1242065210246078466,RT @thebradfordfile: President Trump and NY,neutral,the t
4862580190,Watch video of Ivanka Trump sharing business advice with 4,neutral,
562455608948178944,"""@PresidentJMarsh: @realDonaldTrump are you going to be at",positive,
1255831150733516800,RT @DonaldJTrumpJr: Imagine having your life and reputation ruined by rogue US govt. officials. Then,negative,
1320043331192262661,RT @TommyHicksGOP: .@realDonaldTrump is fighting to make sure,neutral,
1327091830211678208,RT @TheMasters: This morning Jack Nicklaus and Gary Player continued the Honorary Starter,neutral,the
1298450260893863937,RT @TeamTrump: WATCH:,neutral,in in to to
1297305569758511105,Will be interviewed by,positive,
816977032433270784,"The Democrats, lead by",negative,and and the the the
556362527589011456,"""@Rick74467: @DonaleeCurtis @ApprenticeNBC",positive,
569290574555172864,"""@MCLAUGHLlN: @realDonaldTrump i plan on voting for you in 2016. We need economic",positive,
1853995882644901922,@erinbluizz STAY IN LINE! Republicans: We are doing GREAT! Stay in Line. Do not let them move you. STAY IN LINE AND VOTE! #VoteforTrump #VotedforTrump,positive,
1853995846360015321,@702_Josue STAY IN LINE! Republicans: We are,positive,stay stay stay stay stay stay stay stay stay stay stay stay stay stay stay stay stay stay stay stay stay stay stay stay stay stay stay stay stay stay
1194824072011698176,"Wow! Was just told that my sonâs book, âTriggered,â is Number One on",positive,the
250598028099063809,Living in denial--only 15% of Democrats think that recent economic news,negative,
1853995933052047788,@GregO03120995 STAY IN LINE! Republicans: We are doing GREAT! Stay in Line. Do not let them move you. STAY IN LINE AND VOTE! #VoteforTrump,positive,for
511977715181039616,Every day Mexico continues to,negative,and and the the the
1032929824900370432,"Target CEO raves about the Economy. âThis is the best consumer environment Iâve seen in my career.â A big statement from a top executive. But virtually everybody is saying this, &, when our Trade Deals are made, &, cost cutting done,",positive,
1853995800939950140,@ledjon_mma STAY IN LINE! Republicans: We are doing GREAT! Stay in,positive,stay stay stay stay stay stay stay stay stay stay stay stay stay stay stay stay stay stay stay stay stay stay stay stay stay stay stay stay stay stay
1308246923292401664,RT @RoyBlunt: From @Fox4KC: Sen. Blunt,neutral,and the t
1853996134915608613,@nyamiaomiaomiao STAY IN LINE! Republicans: We,positive,stay stay stay stay stay stay stay stay stay stay stay stay stay stay stay stay stay stay stay stay stay stay stay stay stay stay stay stay stay stay
1196861866229846016,RT @Scavino45: ð¨#ICYMI:,neutral,ð
1179722829010538496,RT @AndrewCMcCarthy: Do Republicans,neutral,
154639112681422849,Michele Bachmann just dropped out of prez race--- when,negative,his to a
333919461767786498,"""@BaronToutenberg: @realDonaldTrump Donald, would you ever appear",neutral,
357665939967328259,"""@DillsMama13: @realDonaldTrump What is your feeling about Rolling Stone magazine putting the bomber",neutral,
1228449937211392000,.@LouieGohmertTX1 is a Fantastic,positive,and
1189505462594617344,"RT @realDonaldTrump: 95% Approval Rating in the Republican Party, a",positive,
1235235070040059904,"Mini Mike, âThree months ago I entered the race for President to",negative,the to to to to to to to to to to to to to to to to to to to to to to to to to to to to to
948944124132167680,"Dow just crashes through 25,000. Congrats! Big cuts in",positive,great
699966498819940353,".@lindseygraham, who had zero in his presidential run before dropping out",negative,in and to to to to to to to to co to to to to to co factories to
315999527712739330,What do you think of @DennisRodmanâs Donald,negative,
1853995917550010585,@lsanchezl STAY IN LINE! Republicans: We are doing GREAT! Stay in Line. Do not let them move you. STAY IN LINE AND,positive,stay stay stay stay stay stay stay stay stay stay stay stay stay stay stay stay stay stay stay stay stay stay stay stay stay stay stay stay stay stay
1259442554824687622,RT @JohnWHuber: Mueller canât remember his own,negative,and
542517381998718976,"""@murphysociety: @realDonaldTrump @Tyler_Allreddd and you wonder why everyone wants",neutral,
1232561998426062848,"RT @TocRadio: in case you were wondering, YES, Trump apparently was watching the #DemDebate on his flight back to Washington,",neutral,
676018460250537984,".@Peggynoonannyc Interesting article, but I will beat Hillary easily. People that have given up on the",positive,
1225745941778575360,RT @dbongino: Short List of Debunked Democrat Hoaxes: 1) Russian collusion â 2) Ukrainian quid pro,neutral,
1853995981123023057,@TheBitcoinWay21 STAY IN LINE! Republicans: We are doing GREAT! Stay in,positive,stay stay stay stay stay stay stay stay stay stay stay stay stay stay stay stay stay stay stay stay stay stay stay stay stay stay stay stay stay stay
528354852670570497,"""@stmarie: @realDonaldTrump Sick!!! This country is going to shit! We need real people",negative,
1327708998662025216,Hundreds of thousands of people showing their,negative,the the
546028597719597057,A Clinton already defeated a Bush. The definition of insanity is doing the same thing,neutral,
1853995882246553617,@jeffrey_co81658 STAY IN LINE! Republicans: We are doing GREAT!,positive,stay stay stay stay stay stay stay stay stay stay stay stay stay stay stay stay stay stay stay stay stay stay stay stay stay stay stay stay stay stay
1240783522534699009,RT @realDonaldTrump: STRONG &,positive,great
666350957807206400,Republicans must stop listening to dopes like @KarlRove who still insists Mitt Romney won,positive,
1310740567803006977,The âTrump Doctrineâ,positive,the
1268485298247348224,RT @dougmillsnyt: .@realDonaldTrump & @FLOTUS during a wreath laying ceremony arrive at Saint John Paul,neutral,
162986989459746816,Another electric car firm that @BarackObama gave $118M just went bankrupt. http://t.co/uAWmzFoG,positive,
1011226622324887556,"Such a difference in the media coverage of the same immigration policies between the Obama Administration and ours. Actually, we have done a far better job in that our facilities are cleaner and better run than",neutral,the t
1853995797961924919,@ElizabethLisow2 STAY IN LINE! Republicans: We are doing GREAT! Stay in Line. Do not,positive,stay stay stay stay stay stay stay stay stay stay stay stay stay stay stay stay stay stay stay stay stay stay stay stay stay stay stay stay stay stay
1853995951108534525,@maranzase STAY IN LINE! Republicans: We are doing GREAT! Stay in Line. Do not let them move you. STAY IN LINE,positive,stay stay stay stay stay stay stay stay stay stay stay stay stay stay stay stay stay stay stay stay stay stay stay stay stay stay stay stay stay stay
598483131478450177,"""@ajbruno14 Thanks, Old Post",positive,
1131243922188054529,....Democrat leadership is tearing,neutral,to to to to to the
1327960545929072645,Watch @RudyGiuliani interview on @MariaBartiromo this morning at 10:00. Doing,positive,
227864865056894976,.@penn_state leadership has,neutral,to the the
587248093181177856,"""@MyIntersperse: Everyone including @JohnLegere knows @TMobile sucks.. @realDonaldTrump - Why don't you buy @TMobile &,",negative,
615138517216325632,"""@johnmarzan: @RubenNavarrette Trump is right. Giving illegals the right to vote will destroy the GOP",negative,
543701008053190656,"""@tray24u1: """"@realDonaldTrump: If America was under the threat of imminent",neutral,
1853995854786371832,@tyme11 STAY IN LINE! Republicans: We are doing GREAT!,positive,stay stay stay stay stay stay stay stay stay stay stay stay stay stay stay stay stay stay stay stay stay stay stay stay stay stay stay stay stay stay
1192971898310803456,RT @Jim_Jordan: The âWhistleblowerâsâ lawyer called,neutral,
1853211419090854019,CALIFORNIA! Early Voting ends,neutral,for to for and election
1040290603911794689,I was just,neutral,the to the and the
494583378620850176,"âEach life is made up of mistakes and learning, waiting and growing, practicing patience and",neutral,
595050936487301120,I will be interviewed,positive,
324673957682896896,"""@itsHODAIFA: @realDonaldTrump I",positive,you you you
1304905659918417920,RT @dbongino: Kamala Still Hasn't Deleted Tweet Supporting Bail Fund That,neutral,
654100208784162817,The trade deal is a,negative,the to the
1232701323587604484,"Eric, I can",positive,great
885075206905188352,"""RT @FoxNews: .@jessebwatters",negative,the the the the the the the the the
1026481210405605376,Great financial numbers being announced,neutral,the
1127529870014201856,Think of it. I became President of the United States in one of the most hard fought and consequential elections in the history of our great nation. From long before I ever took,neutral,the
1854218021713133656,@AZtwanda Auto-reply from Team Trump: Weâll send you IMPORTANT ELECTION UPDATES for Arizona. Make sure youâre ready to VOTE FOR DONALD J.,neutral,t
1854056507492425928,@2f3ss Auto-reply from Team Trump: Weâll send you IMPORTANT ELECTION UPDATES for NORTH CAROLINA. Make sure youâre ready to VOTE FOR DONALD J. TRUMP by November 5th. Text TRUMP to 88022 Share this post:,neutral,
173138478811463680,This is good,positive,and and and
1853995942166356397,@rbchiefdreamer STAY IN LINE! Republicans: We are doing,positive,stay stay stay stay stay stay stay stay stay stay stay stay stay stay stay stay stay stay stay stay stay stay stay stay stay stay stay stay stay stay
1297275241203458048,....that they are trying to pull,neutral,need
1853995937028256058,@gscottmorgan STAY IN LINE! Republicans: We are doing GREAT! Stay in Line. Do not let them move you. STAY IN LINE AND VOTE! #VoteforTrump #VotedforTrump Reply #stop,positive,
481392210475089920,"""@KevinHite: @realDonaldTrump Im sure u will",negative,
1155073965880172544,....As proven last week,neutral,the to the to to to to to stay
1238210455207849993,RT @SenateGOP: We're ALL in this together. And we,positive,
589935078916149248,"""@lizboyle98: I think @realDonaldTrump would be a perfect president of our country if he just made sure to pay attention",positive,
1340315201288212481,RT @DineshDSouza: WATCH: Greg Kelly breaks down Joe Biden's latest fumbling interview,neutral,
256483185901309952,Live tweeting during tonight's,positive,
1117844987293487104,So horrible to watch the massive fire at Notre Dame,negative,the to to to to to to to to to to to to to to to informed discuss to the to the to to to to to to to to
1141349462478135296,"The Dems are very unhappy with the Mueller Report, so after almost 3 years, they want a Redo, or Do Over. This is extreme Presidential Harassment. They gave Crooked Hillaryâs people complete Immunity, yet now they bring back Hope Hicks. Why",negative,
538267833604771840,"""@ronmeier123: @realdonaldtrump @jebburtonracing @jerrysan52 Can there be any doubt that",positive,
360044067821850626,"""@stevenfarris """"@realDonaldTrump Great interview with Greta! """"America has lost incentive!"""" """"",neutral,
1145733138984964097,"Thatâs right, The Trump Foundation gave away 100% plus, with Zero rent or expenses charged, and has been being sued by Cuomo and New York State for years",neutral,the
625478108423004169,"""@PaulaDuvall2: Before Mr. Trump's Presidential bid, I was leaning toward Walker!",neutral,
562433193023111168,"""@chef_riggy: .@realDonaldTrump glad to see Kenya go. Even",positive,
1124454393749934080,The wonderful Diamond and Silk have been treated so horribly by Facebook.,negative,in in for hires
360040279664885760,Watch the first #TrumpVine,neutral,
600482053818294272,"""@MarkMizzouSteel: I see",neutral,in in in in in in in in in in in in in in in bye
757565892146454532,"""Crooked Hillary Clinton knew everything that her """"servant"""" was doing",neutral,
395303933343588352,A great victory,positive,
1853996162786734431,@ladyb32805 STAY IN LINE! Republicans: We are doing GREAT! Stay in Line. Do not let,positive,stay stay stay stay stay stay stay stay stay stay stay stay stay stay stay stay stay stay stay stay stay stay stay stay stay stay stay stay stay stay
1853996105270194453,@MicheleSMZ STAY IN LINE! Republicans: We are doing GREAT! Stay in Line. Do,positive,stay stay stay stay stay stay stay stay stay stay stay stay stay stay stay stay stay stay stay stay stay stay stay stay stay stay stay stay stay stay
1306011803374227458,Great to be back,positive,
266988439168225280,.@antbaxterâYour documentary works better than any sleeping pillâin fact that may,neutral,will not
621055976175706112,Via The Hill: Trump Tops National,neutral,
1194655303448645632,RT @GOPoversight: FACT CHECK: Neither Ambassador Taylor nor,neutral,the
1853996001159217175,@Dena60698794 STAY IN LINE! Republicans: We are doing GREAT! Stay in Line. Do not let them move you. STAY IN,positive,stay stay stay stay stay stay stay stay stay stay stay stay stay stay stay stay stay stay stay stay stay stay stay stay stay stay stay stay stay stay
726886687276699648,Thank you Fort,neutral,
734768900282454016,Is Hillary really,neutral,
1295855291523723264,".@Amazon, and others in that business, should be charged (by the U.S. Postal System) much more per package, and the Post Office",neutral,
685606815267221504,"Will be at venue,",neutral,
681606884290265088,Thank you to a #Trump2016 supporter for this video of my campaign- over the,positive,co
1853995920020373702,@criticallystoic STAY IN LINE! Republicans: We are doing GREAT! Stay in Line. Do not,positive,stay stay stay stay stay stay stay stay stay stay stay stay stay stay stay stay stay stay stay stay stay stay stay stay stay stay stay stay stay stay
817164923843280896,"""How did NBC get """"an exclusive look into the top secret report he (Obama) was presented?"""" Who gave",neutral,
1191155326743195648,....should give their own,negative,the to the
337387586328879106,"""@Freesprite2: @realDonaldTrump @bluejoni like your golf course,",positive,
1853996124408881412,@dat_boi33 STAY IN LINE! Republicans:,positive,stay stay stay stay stay stay stay stay stay stay stay stay stay stay stay stay stay stay stay stay stay stay stay stay stay stay stay stay stay stay
1853995857810542596,@TLACUALNEXTIA STAY IN LINE! Republicans: We are doing GREAT! Stay,positive,stay stay stay stay stay stay stay stay stay stay stay stay stay stay stay stay stay stay stay stay stay stay stay stay stay stay stay stay stay stay
1294271236860764161,"RT @dcexaminer: Trump: ""Which is easier: dealing with the Democrats or dealing with",positive,
433979740005756928,"My sons, Don and",positive,the
119794181559427072,"""@VPBiden is actually",neutral,
230339069580820480,Great job to Missy Franklin. She's got,positive,
1853995772485730645,@Maciano391 STAY IN LINE! Republicans: We are doing GREAT! Stay in Line. Do not let them move you. STAY IN LINE,positive,stay stay stay stay stay stay stay stay stay stay stay stay stay stay stay stay stay stay stay stay stay stay stay stay stay stay stay stay stay stay
408979579521359872,"""@bonz21 @realDonaldTrump because you tell it like it is and the liberal",positive,
1161255687441342464,I thought Chris was Fredo also. The,negative,the to bernie me she and to the to the to the to the to the to the to to to to to to to to to to to to
1296560623862480896,RT @TeamTrump: President @realDonaldTrump: In Bidenâs policy manifesto written with socialist,neutral,
455531950774960128,".@bubbawatson What a great player you have turned out to be but also,",positive,
531898671500390400,Each and every new,positive,and
1269081669694296064,RT @TGowdySC: Would love for you,positive,and
698523060350140416,"""@jd4160: Nice column by Bill Donahue, head",positive,to
1064544156960387072,"....We no longer pay Pakistan the $Billions because they would take our money and do nothing for us, Bin Laden being a prime example, Afghanistan",negative,
906828550065582080,RT @TravelGov: Continue to notify us of,negative,the to to to to
317411449175678978,"""@TwitOvershare: â@koznneffect: @realDonaldTrump mr trump, you are a brilliant",positive,
552270605899546624,"""@erin_thereseV: @realDonaldTrump is Kate her own charity? Last I",neutral,
1299142333720657920,RT @TeamTrump: WATCH: Republican National Convention -,positive,
1263960258516602880,I am proud to announce that the Maryland Aviation Administration,positive,and
299267493158072322,"âIf we ever forget that we are One Nation Under God, then we will be a nation",neutral,
350349435496169473,"""Keep difficulties in perspective. Ask yourself """"is this a blip or",neutral,
634724114972966912,"""Jeb Bush signed memo saying not to use",neutral,conde
554680053410594816,"My @morning_joe int. w/@morningmika, @JoeNBC &, @ThomasARoberts f/@trumpdoral on why Romney",neutral,
1327722726656761859,"RT @DanScavino: 11/14/2020 - Washington,",neutral,row
278918170063036416,Can you believe the,neutral,the
609924322933780481,"""@DoomsdayFAN: Please run! I'm with you till the end! Everyone who wants to",positive,
1270411061376815108,My decision to appoint @usairforce General Charles Brown as the USAâs first-ever,positive,
589050639021428736,The Republicans are,neutral,to to to to
547416048711249920,Entrepreneurs: Realize that fear is the exact opposite of faith. Resolve to be bigger than your,neutral,
1195389483664990208,"So they now convict Roger Stone of lying and want to jail him for many years to come. Well, what about Crooked Hillary, Comey, Strzok, Page, McCabe, Brennan, Clapper, Shifty Schiff, Ohr &, Nellie, Steele &, all of the others, including even Mueller",neutral,collusion
763433452893011969,I will be interviewed on @greta tonight at,positive,
1059844291760152576,"RT @realDonaldTrump: New York, get out and VOTE for @JohnFasoNy, a great and hardworking Congressman. We need Johnâs",positive,econoâ
1333616249444724737,RT @thebradfordfile: Trump was never running against Biden.,neutral,
289483014071795713,@tonytuanvu Thank you,positive,
553315887894519809,You may want to watch David Letterman,neutral,the
365842200157896706,"""@MattyD859 """"@realDonaldTrump. @BillRancic Biggest motivation and THEE best role models ever!"""" Bill is",positive,
1152538139153567744,You can add 10% or 15% to this number. Economy doing,positive,
695810703542845440,"""@ericnlin: @AC360 DonaldTrump: no raise in 8 years, home not worth what I",negative,a
965442990134251520,"Just watched a very insecure Oprah Winfrey, who at one point I knew very well, interview a panel of people on 60 Minutes. The questions were biased and slanted, the facts incorrect. Hope Oprah runs so she can",negative,the to the the to the the to the the to the the to the to to to to to to to to to to to to to to to
1224705202307129346,RT @LaraLeaTrump: No,neutral,and
565951600649596929,Mar-a-Lago in Palm Beach,positive,http http http http unreliable buwwnb digests
1040213149356646400,"RT @realDonaldTrump: âI can say, as it relates to the Senate Intelligence Committee Investigation, that we have NO",neutral,
580234379663781888,"""@NJunger_19: Has all he could ever want. If",positive,the
464925437445947392,"""@Call4 @realDonaldTrump is one of the most successful businessman in America. He's decisions are well thought",positive,
1029036065158557701,"Agent Peter Strzok was just fired from the FBI - finally. The list of bad players in the FBI &, DOJ gets longer &, longer. Based on the fact that Strzok was in charge of the Witch Hunt, will it be dropped? It is a total Hoax. No",negative,the
1326673298692972544,Everyone is asking why the recent,negative,the to to to to to to to to to to to to to to to to to to to to to to to to co to
656302265813352448,"""@marcoinjersey: I think America had enough of the",neutral,
517593925989961728,"""@Murray87James: @realDonaldTrump looking forward to",positive,
464557438596030464,"""@pkitzke: @realDonaldTrump: Who",neutral,to
530704729731784705,"""@LenWDougleman: Dear Donald, I love you success aftershave. I love to walk out",positive,
1853995844611006862,@marykaytark STAY IN LINE! Republicans: We are doing GREAT! Stay in,positive,stay stay stay stay stay stay stay stay stay stay stay stay stay stay stay stay stay stay stay stay stay stay stay stay stay stay stay stay stay stay
1200923954942300161,RT @VP: President @realDonaldTrumpâs deregulatory agenda unleashed American ingenuity and,positive,
1238276872368259072,RT @PrincessCruises: We have always been,positive,the
324267967439314944,With @StephenBaldwin7 earlier today,neutral,https
350342583291088897,Putin re Snowden issue âit is like shearing a pig: thereâs lots,neutral,the to the t
942829676699021312,My thoughts and prayers are with everyone involved in the train accident,positive,and and and and and and and the the the
1853996155685797943,@estes7777 STAY IN LINE! Republicans: We are doing GREAT! Stay in Line. Do not let them move you. STAY IN LINE AND VOTE!,positive,stay stay
1219435907775791104,"âItâs about the Economy, stupidâ, except when it comes to Trump. The fact is, the Fake News Media hates talking about the Economy,",negative,the
592668847959887873,"""@TalismanJohnnyA: @realDonaldTrump great segment again",positive,
949616329463615489,"Now that Russian collusion, after one year of intense study, has proven to be a total",negative,the to the to to to to to to to to mueller to to to to to to cranks and to to to to to to to to to to
1179804457112129537,"Leader McCarthy, we look forward to you soon becoming Speaker of the House. The",neutral,the
785167148150820864,"Exclusive VideoâBroaddrick, Willey, Jones to Bill's Defenders:",negative,co
915894251967385600,Why Isn't the Senate Intel Committee looking into the Fake News Networks in OUR country to see why so much of,negative,in and to the to the
797812630312382464,Mitt Romney called to congratulate me,positive,the to to to to to to to to to to to to to to to to to to to to to to to to to to to to to
1853995850839527919,@lavitaebella13 STAY IN LINE! Republicans: We are doing GREAT! Stay in Line. Do not let them move you. STAY IN LINE AND,positive,stay stay stay stay stay stay stay stay stay stay stay stay stay stay stay stay stay stay stay stay stay stay stay stay stay stay stay stay stay stay
1138789726771732480,The Fake News has never been more dishonest than it is today. Thank goodness we can fight back on Social Media. Their,neutral,t
981259962717388801,WE WILL PROTECT,neutral,and in and
822421390125043713,It all begins today! I,neutral,the to the to to to to to to to to to to to to to to to to to to to to to to to to to to to
1181931140740997120,"RT @MattWolking: Democrats are âdeposing witnesses behind closed doors &, denying Republicans fair time to",negative,
587895204922949632,"""@Chris_R_2014: @WendyPeters America desperately needs leadership &, values. Obama is a disgrace. We need a winner,",negative,
1315313143908888576,RT @AndrewCMcCarthy: Joe Biden Takes a Dark Turn on Blowing,neutral,
1300171130326716418,The only way you will stop the violence in the high,neutral,the
1853995874126344458,@halstead_shane STAY IN LINE! Republicans: We,positive,stay stay stay stay stay stay stay stay stay stay stay stay stay stay stay stay stay stay stay stay stay stay stay stay stay stay stay stay stay stay
1216380599457452034,âPelosi has made a mockery of Impeachment. Her Articles,negative,the to mueller
472915807098245120,The statement about,neutral,the
1130528709629358080,"See you tonight at 7:00 P.M. Eastern,",neutral,tickets
